Product Name,Product Condition,Product Price
2.4GHz Wireless Optical Mouse Mice & USB Receiver For PC Laptop Computer DPI USA,Brand New,$1.99
2.4GHz High Quality Wireless Optical Mouse/Mice + USB 2.0 Receiver for PC Laptop,Brand New,$7.99 to $12.99
2.4GHz USB Wireless Optical Mouse Mice for Apple Mac Macbook Pro Air PC White,Brand New,$6.95
2.4GHz Rechargeable Wireless Mouse USB Receiver Mice For Computer PC Laptop,Brand New,$11.59 to $12.95
Big Sale Gaming Mouse Alternating Light USB 2.0 7-Button Optical Wired Mice,Brand New,$5.99
2.4GHz Wireless Optical Mouse Adjustable DPI Cordless Mice + Receiver for Laptop,Brand New,$6.99
"JETech M2260 Bluetooth Wireless Mouse for PC, Mac, and Android OS Tablet",Brand New,$6.99
Wired USB Optical Mouse Wireless Optical Mouse Retractable Mini USB Mouse For PC,Brand New,$4.25 to $7.99
2.4GHz Cordless Wireless Optical Mouse Mice For Laptop PC Computer  4 colors US,Brand New,$5.63
Lenovo Essential USB Wired Optical Mouse BLACK P/N ooPH133 NEW,Brand New,$6.99
2.4GHz Wireless Optical Mouse Mice & USB Receiver For PC Laptop Computer DPI USA,Brand New,$6.99
Philips SPK7214 USB Wired Computer Mouse for PC Laptop Desktop Computers,Brand New,$6.99
2.4GHz Wireless 2000DPI Cordless Optical Mouse Mice USB Receiver for PC Laptop,Brand New,$6.99
HP X3000 Wireless Mouse (H2C22AA#ABL),Brand New,$10.49
5500DPI LED Optical USB Gaming Mouse 7 Button Gamer Laptop PC Computer Mice,Brand New,$7.99
Wireless USB Optical Mice Gaming Mouse 7 Color LED Backlit Rechargeable For PC,Brand New,$10.97
Wireless Gaming Mouse w/ Unique Silent Click Optical 2400 DPI for PC Laptop Mac,Brand New,$14.98
Apple Magic Mouse 2 Charging Dock,Brand New,$9.20 to $18.20
2.4GHz Wireless Optical Mouse &USB Receiver Adjustable DPI for PC Laptop Desktop,Brand New,$6.75
Logitech M325 Wireless Mouse with unifying receiver for PC Mac,Refurbished,$12.98
Logitech G502 Special Edition Hero High Performance RGB Gaming Mouse (BRAND NEW),Brand New,$39.99
USB 2.0 Optical Wired Scroll Wheel Mouse Mice for PC Laptop Notebook Desktop Red,Brand New,$5.99
Wireless 7 Color Backlit Light Rechargeable Silent USB Optical Mice Gaming Mouse,Brand New,$10.97
Logitech M317 Wireless Optical Mouse Many New Colors To Choose From M325 M185,Brand New,$10.99 to $16.99
NEW Genuine HP 2-Button Optical USB Travel Scroll Mouse w/ Scroll - 757770-001,Brand New,$4.99
5500DPI 6-Button LED USB Optical Wired Gaming Mouse For Computer LP,Brand New,$7.99
Gaming Mice Mouse 3200DPI USB RGB Flowing Backlit Light Wired PC Laptop Computer,Brand New,$12.99
Logitech M325C Party Collection Wireless Optical Mouse - Yellow Zigzag,Brand New,$11.99
Logitech Wireless Mouse M325 Celebration Mini Mint,Pre-Owned,$11.73
2.4GHz Cordless Wireless Optical Mouse Mice For Laptop PC Computer  4 colors USA,Brand New,$5.37
Lenovo Wired USB Mouse,Brand New,$7.99
Wireless Gaming Mouse Unique Silent Click Optical Mice 2400DPI for PC Laptop Mac,Brand New,$13.57
Logitech G602 Wireless Gaming Mouse PC and Mac 250 Hour Battery Life,Open Box,$24.99
"HP 27MHz Wireless Optical Mobile Mouse (Black)- VK479AA,VK479AA#ABA-Bulk Packing",Brand New,$12.98
Ergonomic Mouse Optical Vertical Mouse 6 Button 1600 DPI Wireless 2.4G Precision,Brand New,$10.09
Logitech G203 Prodigy RGB Wired Gaming Mouse,Pre-Owned,$21.99
1600DPI Wireless Gaming Mouse LED Optical Mice Mute Rechargeable for PC Laptop,Brand New,$12.99
"Brand New Apple A1152 Wired USB Optical Mighty Mouse MA086LL/A, 657-0270-A (XHA)",Open Box,$25.00
2.4GHz Wireless Mouse Optical Mice Rechargeable Cordless For Macbook Pro Laptop,Brand New,$6.95 to $13.85
2.4GHz 2400 DPI Wireless Optical Mouse Mice + USB Receiver for PC Laptop MAC,Brand New,$12.98
VicTsing 2.4GHz 2.4G Wireless Optical Mouse 2400DPI Adjustable 6 Buttons  US,Brand New,$10.99
Wireless Bluetooth Mouse Cordless Dual Mouse Portable Ergonomic for Laptop PC,Brand New,$10.99
‚ùóÔ∏èApple Magic Mouse 2 ‚ùóÔ∏èWireless Rechargeable - Brand New - Silver - MLA02LL/A,Brand New,$62.99
PHILIPS SPK9304 Gaming Mouse RGB 7-Color Breathing Wired Optical Mouse Sensor,Brand New,$9.99
Logitech M170 Wireless Mouse 2.4 GHz For Laptop Macbook PC US STOCK  FAST SHIP,Brand New,$9.99 to $10.79
2.4GHz Wireless DPI Cordless Optical Mouse Mice USB Receiver For PC Laptop Blue,Brand New,$5.93
High Quality Wireless Optical Gaming Mouse 2.4ghz 2400dpi for PC/Laptop/Mac,Brand New,$8.99
Gaming Mouse 3 Button USB Wired LED Breathing Fire Button 3200 DPI Laptop PC USA,Brand New,$7.69
Logitech MX Anywhere 2S Wireless Gaming Mouse - Graphite (BRAND NEW),Brand New,$49.99
Lenovo Wireless Mouse Black,Brand New,$14.99
Bluetooth Wireless Mouse Computer Optical Mice for PC Mac Android OS Tablets LU,Brand New,$11.99
Rechargeable X7 Wireless Silent LED Backlit USB Optical Ergonomic Gaming Mouse,Brand New,$9.99
Wireless 7 Color Backlit Light Rechargeable Silent USB Optical Mice Gaming Mouse,Brand New,$12.97
Mint Used Genuine Apple Mac Wired USB Mouse with Scroll Wheel Model A1152 White,Pre-Owned,$9.95
VicTsing 2.4G Wireless Ergonomic Mouse 6 Button 2400DPI Mice For PC Laptop Mac,Brand New,$11.99
Razer DeathAdder Essential - Optical Esports Gaming Mouse-Wired,Brand New,$29.95
HP X1500 Wired Mouse | Black; Metallic Gray | H4K66AA,Brand New,$10.99
Bluetooth Wireless Mouse Optical Mice for PC Mac Android OS Tablets Black,Brand New,$11.80
2.4GHz Wireless DPI Cordless Optical Mouse Mice USB Receiver For PC Laptop RED,Brand New,$5.93
Logitech M325c Wireless Compact Size Optical Mouse for Computer Windows Mac OS,Brand New,$14.99
2.4GHz Wireless Cordless Optical Gaming Mouse Mice + USB Receiver for PC Laptop,Brand New,$9.19
2.4GHz Wireless Cordless Optical Mouse Mice USB Receiver for PC Laptop White,Brand New,$7.19
üî•Gaming Mouse 7 Button USB Wired LED Breathing Fire Button 3200 DPI Laptop PCüî•,Brand New,$7.25
